Model,Scenario,FAR,FRR,EER,Accuracy
SVM,Cross-Day,2.19048522063975e-07,0.999930436447922,0.32660406885759,0.823943661971831
