Scenario,FAR,FRR,EER,Accuracy
Same-Day,0.00982352558720366,0.0871588885686074,0.0324049681074484,0.92018779342723
