Scenario,FAR,FRR,EER,Accuracy
Cross-Day-Gait,0.0160651867242466,0.144709618885241,0.0352664015899143,0.858725761772853
