Scenario,FAR,FRR,EER,Accuracy
Cross-Day,0.0140304333499497,0.124692244649662,0.0553828653509203,0.877464788732394
